roc_auc	model_split	shuffled
0.5055555555555555	ixazomib	True
0.6277777777777778	ixazomib	False
0.5666666666666667	cb5083	True
0.5916666666666666	cb5083	False
