roc_auc	model_split	shuffled
0.55	WT	True
0.7000000000000001	WT	False
0.4	BZ	True
0.7000000000000001	BZ	False
