roc_auc	shuffled
0.5828125	True
0.7000000000000001	False
