roc_auc	shuffled
0.5546875	True
0.7000000000000001	False
