roc_auc	shuffled
0.5176866319444444	True
0.7591145833333334	False
